title,views,likes,comments,channel_id,channel_title,subscriber_count,video_count
Maggie Cai - Group Product Manager at Walmart | The Data Dialogues,1017,12,0,UCUZ93FLh1vjDRYe82RhtGXA,Brandeis Data Analytics Club,8,2
Kevin Wright - Sr. Delivery Principal at Slalom | The Data Dialogues,101,2,0,UCUZ93FLh1vjDRYe82RhtGXA,Brandeis Data Analytics Club,8,2
We Are Fluid Data Analytics!,75,0,0,UCsy94K7vSoYj3Rinf6_SP0g,Fluid Data Analytics,0,3
Business Intelligence (BI) with Fluid Data Analytics - Why BI?,19,1,0,UCsy94K7vSoYj3Rinf6_SP0g,Fluid Data Analytics,0,3
Fluid Data Analytics Intro,14,0,0,UCsy94K7vSoYj3Rinf6_SP0g,Fluid Data Analytics,0,3
I Had No Idea What Data Analytics Was! (Colaberry Student Success Stories),56009,126,0,UCb23caPCK7xW8roOkr_iKRA,Colaberry School Of Data Analytics,967,487
AWS DeepRacer Guide for Basic Model Building and Simulation,5199,54,2,UCb23caPCK7xW8roOkr_iKRA,Colaberry School Of Data Analytics,967,487
Colaberry School Of Data Analytics : Go. Unleash Your Career in 2015,4582,10,0,UCb23caPCK7xW8roOkr_iKRA,Colaberry School Of Data Analytics,967,487
My two minute pitch to Corporate America with Ali Muwwakkil | Colaberry,3181,128,0,UCb23caPCK7xW8roOkr_iKRA,Colaberry School Of Data Analytics,967,487
Student Success Stories - Colaberry School of Data Science & Data Analytics,2789,21,1,UCb23caPCK7xW8roOkr_iKRA,Colaberry School Of Data Analytics,967,487
AWS DeepRacer Reward Graph Explained - Colaberry AWS DeepRacer Workshop,2595,23,1,UCb23caPCK7xW8roOkr_iKRA,Colaberry School Of Data Analytics,967,487
Reward Function - Colaberry AWS DeepRacer Workshop,2398,24,0,UCb23caPCK7xW8roOkr_iKRA,Colaberry School Of Data Analytics,967,487
Team 1: Yearup-Colaberry Data Analytics (Silicon Valley Fall 2016 Cohort) - Tableau Capstone Demo,1719,7,0,UCb23caPCK7xW8roOkr_iKRA,Colaberry School Of Data Analytics,967,487
Change Your Career. Change Your Life - Colaberry School of Data Analytics,1420,13,0,UCb23caPCK7xW8roOkr_iKRA,Colaberry School Of Data Analytics,967,487
Success and Life After Colaberry (Colaberry Student Success Stories),1233,76,4,UCb23caPCK7xW8roOkr_iKRA,Colaberry School Of Data Analytics,967,487
MIT Solve Work of The Future Global Challenge 2018 | Colaberry - Refactored AI,1117,17,1,UCb23caPCK7xW8roOkr_iKRA,Colaberry School Of Data Analytics,967,487
United Nations (UNITAR): Future Ready Skills - By Ram Katamaraja CEO of Colaberry / Refactored AI,1077,27,0,UCb23caPCK7xW8roOkr_iKRA,Colaberry School Of Data Analytics,967,487
Colaberry Data Analytics Live Virtual Open House Event 1/7/2021,1069,17,0,UCb23caPCK7xW8roOkr_iKRA,Colaberry School Of Data Analytics,967,487
Student Success Stories - Colaberry School of Data Science & Data Analytics,1029,18,1,UCb23caPCK7xW8roOkr_iKRA,Colaberry School Of Data Analytics,967,487
Colaberry Interns - Career Accelerator Projects - August 2020,954,54,18,UCb23caPCK7xW8roOkr_iKRA,Colaberry School Of Data Analytics,967,487
I work two six-figure jobs! | Colaberry Student Success Stories,864,31,5,UCb23caPCK7xW8roOkr_iKRA,Colaberry School Of Data Analytics,967,487
Q&A Session with IPBC Students - Colaberry School of Data Analytics,818,12,2,UCb23caPCK7xW8roOkr_iKRA,Colaberry School Of Data Analytics,967,487
Team 2: Yearup-Colaberry Data Analytics (Silicon Valley Fall 2016 Cohort) - Tableau Capstone Demo,775,3,0,UCb23caPCK7xW8roOkr_iKRA,Colaberry School Of Data Analytics,967,487
Alex explaining the secret to completing Colaberry Data Analytics program #Colaberry,719,45,4,UCb23caPCK7xW8roOkr_iKRA,Colaberry School Of Data Analytics,967,487
100 Ways to Increase Your Efficiency Using Chat GPT with Colaberry's Ali Muwwakkil,719,23,1,UCb23caPCK7xW8roOkr_iKRA,Colaberry School Of Data Analytics,967,487
"""How did you hear about us?"" - New Class Introductions Dec 2020",690,32,1,UCb23caPCK7xW8roOkr_iKRA,Colaberry School Of Data Analytics,967,487
More than just Technical Skills (Colaberry Student Success Stories),685,16,1,UCb23caPCK7xW8roOkr_iKRA,Colaberry School Of Data Analytics,967,487
Colaberry Changed My Life (Colaberry Student Success Stories),670,1,0,UCb23caPCK7xW8roOkr_iKRA,Colaberry School Of Data Analytics,967,487
Colaberry Student Success Stories (Mika),666,16,2,UCb23caPCK7xW8roOkr_iKRA,Colaberry School Of Data Analytics,967,487
"""Creating a Project Story - Ali Demo"" - Colaberry School of Data Science & Analytics",656,19,0,UCb23caPCK7xW8roOkr_iKRA,Colaberry School Of Data Analytics,967,487
Anand Dasari's Story at YEAR UP Demo Day. | Colaberry School of Data Science & Analytics,615,14,1,UCb23caPCK7xW8roOkr_iKRA,Colaberry School Of Data Analytics,967,487
Learn How to Break Into Data Analytics | Colaberry School of Data Science & Analytics,606,3,0,UCb23caPCK7xW8roOkr_iKRA,Colaberry School Of Data Analytics,967,487
Model Training and Evaluation - Colaberry AWS DeepRacer Workshop,552,4,0,UCb23caPCK7xW8roOkr_iKRA,Colaberry School Of Data Analytics,967,487
Colaberry Data Analytics Live Virtual Open House Event,543,12,1,UCb23caPCK7xW8roOkr_iKRA,Colaberry School Of Data Analytics,967,487
Colaberry Covid-19 Scholarships: Message from Founder and CEO Ram Katamaraja,468,17,0,UCb23caPCK7xW8roOkr_iKRA,Colaberry School Of Data Analytics,967,487
Predicting diabetes using H2O+R Machine Learning : By Josh Smitherman (Colaberry),457,5,0,UCb23caPCK7xW8roOkr_iKRA,Colaberry School Of Data Analytics,967,487
Colaberry 's First Ever Data Talent Showcase Event (Full Event),421,13,0,UCb23caPCK7xW8roOkr_iKRA,Colaberry School Of Data Analytics,967,487
What does the Colaberry Program entail? - Colaberry School of Data Science & Data Analytics,417,6,1,UCb23caPCK7xW8roOkr_iKRA,Colaberry School Of Data Analytics,967,487
Colaberry's 2nd Data Talent Showcase (Highlights),410,36,4,UCb23caPCK7xW8roOkr_iKRA,Colaberry School Of Data Analytics,967,487
How To Create an AWS Account - Colaberry AWS DeepRacer Workshop,409,0,0,UCb23caPCK7xW8roOkr_iKRA,Colaberry School Of Data Analytics,967,487
I Needed to Make a Decision About My Career (Colaberry Student Success Stories),407,4,0,UCb23caPCK7xW8roOkr_iKRA,Colaberry School Of Data Analytics,967,487
Colaberry Career Switch Open House 10/20/2022,405,8,0,UCb23caPCK7xW8roOkr_iKRA,Colaberry School Of Data Analytics,967,487
Auto Submission Process | Colaberry School of Data Science & Data Analytics,400,18,0,UCb23caPCK7xW8roOkr_iKRA,Colaberry School Of Data Analytics,967,487
Don't give up! (Colaberry Student Success Stories),382,11,0,UCb23caPCK7xW8roOkr_iKRA,Colaberry School Of Data Analytics,967,487
I got into the field within 10 months! | Colaberry Student Success Stories #Colaberry,371,14,1,UCb23caPCK7xW8roOkr_iKRA,Colaberry School Of Data Analytics,967,487
How To Analyze Your Dashboard 2021 - Colaberry School of Data Science & Data Analytics,347,8,0,UCb23caPCK7xW8roOkr_iKRA,Colaberry School Of Data Analytics,967,487
Other Online Courses (Colaberry Student Success Stories),345,1,0,UCb23caPCK7xW8roOkr_iKRA,Colaberry School Of Data Analytics,967,487
Student Success Stories (Jonathan) - Colaberry School of Data Science & Analytics,344,7,0,UCb23caPCK7xW8roOkr_iKRA,Colaberry School Of Data Analytics,967,487
Internships | Network | Placement - Colaberry School of Data Science & Data Analytics,329,8,0,UCb23caPCK7xW8roOkr_iKRA,Colaberry School Of Data Analytics,967,487
Confidence in your Skillset (Colaberry Student Success Stories),321,4,0,UCb23caPCK7xW8roOkr_iKRA,Colaberry School Of Data Analytics,967,487
How To Register and Enroll In Our Data Analytics Program - Colaberry School of Data Analytics,321,3,0,UCb23caPCK7xW8roOkr_iKRA,Colaberry School Of Data Analytics,967,487
Senior BI Developer shares what kept her motivated | Colaberry Student Success Stories,317,9,0,UCb23caPCK7xW8roOkr_iKRA,Colaberry School Of Data Analytics,967,487
Juliet talks to the ladies about careers in tech - Colaberry School of Data Science & Data Analytics,306,5,0,UCb23caPCK7xW8roOkr_iKRA,Colaberry School Of Data Analytics,967,487
I work with other Colaberry Graduates! | Colaberry Student Success Stories,297,16,0,UCb23caPCK7xW8roOkr_iKRA,Colaberry School Of Data Analytics,967,487
Colaberry Alumni visits Data Analytics Career Switch Open House,292,10,0,UCb23caPCK7xW8roOkr_iKRA,Colaberry School Of Data Analytics,967,487
Richest Actors 2022,5,0,0,UC9SJ5EK8D5VQBCNa64SwrHQ,Data Analytics,0,2
Richest Actors 2022,1,0,0,UC9SJ5EK8D5VQBCNa64SwrHQ,Data Analytics,0,2
Introduction to Probability | Simple Formula,13,0,0,UCI7EKzSf-_TzAKGFEYB7F7g,Data Analytics Channel,0,1
Unlock Excel Data Validation Secrets for Error-Free Lists,96,4,0,UCGNS5xV1In-7Cr1g6EQFSJg,Data Analytics BI,8,6
excel shortcut secrets: auto sum secret with Alt + =  #short #ExcelShortcuts #Autosum,57,6,0,UCGNS5xV1In-7Cr1g6EQFSJg,Data Analytics BI,8,6
Mastering Text Formatting in Excel: PROPER and TRIM Functions for Data Cleanup,49,6,0,UCGNS5xV1In-7Cr1g6EQFSJg,Data Analytics BI,8,6
Excel Text to Column: Mastering Data Separation and Analysis #exceltips #dataseparation #short,41,3,0,UCGNS5xV1In-7Cr1g6EQFSJg,Data Analytics BI,8,6
Mastering Text Formatting in Excel: PROPER and TRIM Functions for Data Cleanup,16,2,0,UCGNS5xV1In-7Cr1g6EQFSJg,Data Analytics BI,8,6
Excel Text to Column: Mastering Data Separation and Analysis #exceltips #dataseparation,10,1,0,UCGNS5xV1In-7Cr1g6EQFSJg,Data Analytics BI,8,6
INTRODUCCION AL ANALISIS DE DATOS,3,0,0,UC2CtlR1juJsAIxZ87_S2LOw,APRENDE DATA ANALYTICS ,0,1
Creando un ambiente virtual con Vagrant,50,3,0,UC_ClppO0CfKksIVDVLua2IQ,BELCORP DATA ANALYTICS,6,1
Decision Trees with JMP,5961,18,2,UCqJv_CgULKZMrIaUdnOftKQ,Business Data Analytics!,13,31
Chapter 1 Video 1,288,0,0,UCqJv_CgULKZMrIaUdnOftKQ,Business Data Analytics!,13,31
Video1- How to access your Textbook,211,0,0,UCqJv_CgULKZMrIaUdnOftKQ,Business Data Analytics!,13,31
Professor's Video on Chapter 2,176,0,0,UCqJv_CgULKZMrIaUdnOftKQ,Business Data Analytics!,13,31
Chapter 1-Supplement Video 1 (Quantitative vs Qualitative),172,0,0,UCqJv_CgULKZMrIaUdnOftKQ,Business Data Analytics!,13,31
Chapter 1-Supplement Video-2 (Time Series Plot & Runs Plot),134,0,0,UCqJv_CgULKZMrIaUdnOftKQ,Business Data Analytics!,13,31
Professor's Video 1 (Chapter 3),112,0,0,UCqJv_CgULKZMrIaUdnOftKQ,Business Data Analytics!,13,31
Chapter 1-Supplement Video 3 (Pivot Table),110,0,0,UCqJv_CgULKZMrIaUdnOftKQ,Business Data Analytics!,13,31
Chapter2-Supplement Video 1 (How to Summarize Qualitative Data),103,0,0,UCqJv_CgULKZMrIaUdnOftKQ,Business Data Analytics!,13,31
Chapter 1-Supplement Video 5 (Descriptive Statistics & Statisitcal Inference),99,1,0,UCqJv_CgULKZMrIaUdnOftKQ,Business Data Analytics!,13,31
Chapter 1-Supplement Video 6 (Descriptive Statistics & Histograms using Excel),95,0,0,UCqJv_CgULKZMrIaUdnOftKQ,Business Data Analytics!,13,31
Professor's Video 2 (Chapter 3),85,0,0,UCqJv_CgULKZMrIaUdnOftKQ,Business Data Analytics!,13,31
Chapter 2-Supplement Video 5  (Descriptive Analytics),85,0,0,UCqJv_CgULKZMrIaUdnOftKQ,Business Data Analytics!,13,31
Chapter 1-Supplement Video 10 (Survey Types & Sources of Errors),84,0,0,UCqJv_CgULKZMrIaUdnOftKQ,Business Data Analytics!,13,31
Chapter 1-Supplement video 4 (Sampling),84,0,0,UCqJv_CgULKZMrIaUdnOftKQ,Business Data Analytics!,13,31
Chapter 1-Supplement Video 8 (Variable Types),68,0,0,UCqJv_CgULKZMrIaUdnOftKQ,Business Data Analytics!,13,31
Chapter 1-Supplement Video 7 (RandomBetween & VLookup),66,0,0,UCqJv_CgULKZMrIaUdnOftKQ,Business Data Analytics!,13,31
Professor's Video 3 (Chapter 3),56,0,0,UCqJv_CgULKZMrIaUdnOftKQ,Business Data Analytics!,13,31
Chapter1-Supplement Video 9,55,0,0,UCqJv_CgULKZMrIaUdnOftKQ,Business Data Analytics!,13,31
Chapter2-Supplement Video 2  (How to Summarize Quantitative Data Histograms),52,0,0,UCqJv_CgULKZMrIaUdnOftKQ,Business Data Analytics!,13,31
Chapter 2-Supplement Video 7 (How to add Gauges in Excel),49,0,0,UCqJv_CgULKZMrIaUdnOftKQ,Business Data Analytics!,13,31
Chapter2-Supplement Video 4 (Misleading Charts),44,0,0,UCqJv_CgULKZMrIaUdnOftKQ,Business Data Analytics!,13,31
Chapter 2-Supplement Video 6  (Bullet Graph),43,0,0,UCqJv_CgULKZMrIaUdnOftKQ,Business Data Analytics!,13,31
"Professor's Video 4 (Chapter 3)-- Covariance, correlation, and least squares Line",43,1,0,UCqJv_CgULKZMrIaUdnOftKQ,Business Data Analytics!,13,31
Chapter 2-Supplement Video 3  (Scatter Plots),43,0,0,UCqJv_CgULKZMrIaUdnOftKQ,Business Data Analytics!,13,31
Chapter 3 Supplement Video 3,34,0,0,UCqJv_CgULKZMrIaUdnOftKQ,Business Data Analytics!,13,31
Chapter 3- Supplement Video 2,33,0,0,UCqJv_CgULKZMrIaUdnOftKQ,Business Data Analytics!,13,31
Chapter 3 Supplement Video 1(Central Tendency),32,0,0,UCqJv_CgULKZMrIaUdnOftKQ,Business Data Analytics!,13,31
Graduate Council Meeting 11 10 2016 Thursday 384 MP4384Kbps,16,0,0,UCqJv_CgULKZMrIaUdnOftKQ,Business Data Analytics!,13,31
29c61ddc 6d66 444f 9c7a f030d7e23362,14,0,0,UCqJv_CgULKZMrIaUdnOftKQ,Business Data Analytics!,13,31
Graduate Council Meeting 10 13 2016 Thursday 384 MP4384Kbps,7,0,0,UCqJv_CgULKZMrIaUdnOftKQ,Business Data Analytics!,13,31
Matemática para la ciencia de datos,18125,627,17,UCHxRt1sueuXyJP3bvOayMqg,Data Science,5380,283
Automatización de procesos con Python,10518,223,10,UCHxRt1sueuXyJP3bvOayMqg,Data Science,5380,283
DSRP - Taller Virtual python desde cero #1,8330,409,11,UCHxRt1sueuXyJP3bvOayMqg,Data Science,5380,283
DSRP - Taller Virtual Python desde cero #2,2762,112,7,UCHxRt1sueuXyJP3bvOayMqg,Data Science,5380,283
Aplicaciones del Machine Learning en tu negocio,2355,53,3,UCHxRt1sueuXyJP3bvOayMqg,Data Science,5380,283
Programa de MicroMasters en Estadística y Ciencia de Datos MIT,2214,42,23,UCHxRt1sueuXyJP3bvOayMqg,Data Science,5380,283
DSRP - Taller Virtual Python desde cero #3,2037,93,9,UCHxRt1sueuXyJP3bvOayMqg,Data Science,5380,283
Análisis exploratorio de Datos en Python,1976,95,2,UCHxRt1sueuXyJP3bvOayMqg,Data Science,5380,283
Charla Informativa del Bootcamp gratuito de R,1822,86,3,UCHxRt1sueuXyJP3bvOayMqg,Data Science,5380,283
DSRP - Taller Virtual Python desde cero #4,1820,87,9,UCHxRt1sueuXyJP3bvOayMqg,Data Science,5380,283
Procesamiento de imagenes con Python,1511,12,1,UCHxRt1sueuXyJP3bvOayMqg,Data Science,5380,283
WEBINAR: ANÁLISIS ESTADÍSTICO CON R,1475,31,3,UCHxRt1sueuXyJP3bvOayMqg,Data Science,5380,283
Python para la limpieza  y calidad de datos,1337,43,4,UCHxRt1sueuXyJP3bvOayMqg,Data Science,5380,283
Localización y Mapeo de robot móviles y sus aplicaciones,1085,39,0,UCHxRt1sueuXyJP3bvOayMqg,Data Science,5380,283
registrarse en la web,1068,16,0,UCHxRt1sueuXyJP3bvOayMqg,Data Science,5380,283
Análisis Exploratorio de los Datos con Python- MasterClass  Áurea Soriano,1038,55,1,UCHxRt1sueuXyJP3bvOayMqg,Data Science,5380,283
Ruta de Aprendizaje para un Data Analyst,969,26,2,UCHxRt1sueuXyJP3bvOayMqg,Data Science,5380,283
Sesión lanzamiento Fundamentos en Ciencia de Datos,940,60,3,UCHxRt1sueuXyJP3bvOayMqg,Data Science,5380,283
Clasificación con datos desbalanceados  estrategias de muestreo,917,25,1,UCHxRt1sueuXyJP3bvOayMqg,Data Science,5380,283
Introducción a la inteligencia  de negocio,848,18,1,UCHxRt1sueuXyJP3bvOayMqg,Data Science,5380,283
cursos gratis,827,16,3,UCHxRt1sueuXyJP3bvOayMqg,Data Science,5380,283
Charla Informativa Semillero de Aprendizaje 2020-II,811,24,3,UCHxRt1sueuXyJP3bvOayMqg,Data Science,5380,283
Master Class: Métodos de selección de variables para reducir la complejidad de un Modelo Predictivo.,790,41,4,UCHxRt1sueuXyJP3bvOayMqg,Data Science,5380,283
Como Estudiar un Posgrado En Computer Science en Brasil: Tips para Maestrias y Doctorados,776,21,2,UCHxRt1sueuXyJP3bvOayMqg,Data Science,5380,283
Estadística descriptiva e inferencial con Python: Construcción de Intervalos de Confianza,780,37,0,UCHxRt1sueuXyJP3bvOayMqg,Data Science,5380,283
Semillero: Procesamiento de Lenguaje Natural con Tensorflow,763,37,2,UCHxRt1sueuXyJP3bvOayMqg,Data Science,5380,283
Tratamiento de datos con Python,651,45,0,UCHxRt1sueuXyJP3bvOayMqg,Data Science,5380,283
Tratamiento de datos,626,11,4,UCHxRt1sueuXyJP3bvOayMqg,Data Science,5380,283
"Masterclass Gratuita: Taller Práctico e Integral de Datos con SQL, Power BI y Python",628,44,0,UCHxRt1sueuXyJP3bvOayMqg,Data Science,5380,283
Ruta de Aprendizaje para un Data Engineer,602,12,2,UCHxRt1sueuXyJP3bvOayMqg,Data Science,5380,283
Programando desde cero el método de Montecarlo en Python,542,13,0,UCHxRt1sueuXyJP3bvOayMqg,Data Science,5380,283
Data Science Day en UTP,527,3,0,UCHxRt1sueuXyJP3bvOayMqg,Data Science,5380,283
¿Cómo iniciar proyectos en  Data Science?,519,17,0,UCHxRt1sueuXyJP3bvOayMqg,Data Science,5380,283
¿Cómo iniciar en la ciencia de datos siendo estudiante?,482,26,0,UCHxRt1sueuXyJP3bvOayMqg,Data Science,5380,283
Patrones de Arquitectura de Datos,479,20,0,UCHxRt1sueuXyJP3bvOayMqg,Data Science,5380,283
Charla Informativa Mentores del Semillero DSRP,461,17,0,UCHxRt1sueuXyJP3bvOayMqg,Data Science,5380,283
Ruta de Aprendizaje para un Data Scientist,466,8,1,UCHxRt1sueuXyJP3bvOayMqg,Data Science,5380,283
Como crear un ETL con pyspark,453,10,0,UCHxRt1sueuXyJP3bvOayMqg,Data Science,5380,283
Machine Learning para las ciencias sociales,434,17,1,UCHxRt1sueuXyJP3bvOayMqg,Data Science,5380,283
Aprendiendo Data Science en Kaggle Parte I,414,8,1,UCHxRt1sueuXyJP3bvOayMqg,Data Science,5380,283
PROGRAMA DE ESPECIALIZACIÓN DATA ENGINEER - DSRP,407,11,2,UCHxRt1sueuXyJP3bvOayMqg,Data Science,5380,283
INTRODUCCION A LA CIENCIA DE DATOS,409,9,1,UCHxRt1sueuXyJP3bvOayMqg,Data Science,5380,283
Introducción al Machine Learning usando Herramientas IBM,398,13,2,UCHxRt1sueuXyJP3bvOayMqg,Data Science,5380,283
Analisis de Sentimiento con Spark,391,6,0,UCHxRt1sueuXyJP3bvOayMqg,Data Science,5380,283
Analítica Prescriptiva: La última frontera de las capacidades analíticas,377,14,0,UCHxRt1sueuXyJP3bvOayMqg,Data Science,5380,283
¿Cómo iniciarnos como DATASCIENTIST y no morir en el intento?,372,21,1,UCHxRt1sueuXyJP3bvOayMqg,Data Science,5380,283
Modelo black litterman para optimización de carteras,351,6,2,UCHxRt1sueuXyJP3bvOayMqg,Data Science,5380,283
Metodos de Segmentacion de Clientes con Machine Learning,355,20,2,UCHxRt1sueuXyJP3bvOayMqg,Data Science,5380,283
Feria de Orientación Vocacional - Quiero ser un Data Scientist,337,20,1,UCHxRt1sueuXyJP3bvOayMqg,Data Science,5380,283
Análisis de Datos Python el skill que las grandes empresas buscan,318,26,0,UCHxRt1sueuXyJP3bvOayMqg,Data Science,5380,283
What is Azure Databricks?,87818,863,25,UCmRI-X6XoeH2dQE4BShRU9Q,Advancing Analytics,28000,296
Azure Synapse Analytics - Introduction & Overview,53422,1020,69,UCmRI-X6XoeH2dQE4BShRU9Q,Advancing Analytics,28000,296
Advancing Spark - Understanding the Spark UI,42627,862,36,UCmRI-X6XoeH2dQE4BShRU9Q,Advancing Analytics,28000,296
Advancing Spark - Databricks Delta Live Tables First Look,39184,662,52,UCmRI-X6XoeH2dQE4BShRU9Q,Advancing Analytics,28000,296
Advancing Spark - How to pass the Spark 3.0 accreditation!,28257,752,100,UCmRI-X6XoeH2dQE4BShRU9Q,Advancing Analytics,28000,296
Advancing Fabric - What is Microsoft Fabric?,28157,606,104,UCmRI-X6XoeH2dQE4BShRU9Q,Advancing Analytics,28000,296
Azure Synapse Analytics - The first 20 minutes!,26273,268,35,UCmRI-X6XoeH2dQE4BShRU9Q,Advancing Analytics,28000,296
Advancing Spark - Databricks Delta Streaming,26235,536,42,UCmRI-X6XoeH2dQE4BShRU9Q,Advancing Analytics,28000,296
Advancing Spark - Rethinking ETL with Databricks Autoloader,24101,384,62,UCmRI-X6XoeH2dQE4BShRU9Q,Advancing Analytics,28000,296
Creating a Connection to Azure Data Lake Gen 2 with Azure Databricks,23907,273,21,UCmRI-X6XoeH2dQE4BShRU9Q,Advancing Analytics,28000,296
Advancing Spark - Give your Delta Lake a boost with Z-Ordering,23860,505,22,UCmRI-X6XoeH2dQE4BShRU9Q,Advancing Analytics,28000,296
Azure Synapse Analytics - Introduction to Azure Purview,20344,365,39,UCmRI-X6XoeH2dQE4BShRU9Q,Advancing Analytics,28000,296
Creating and Configuring Clusters in Azure Databricks,19688,115,11,UCmRI-X6XoeH2dQE4BShRU9Q,Advancing Analytics,28000,296
How Do you Size Your Azure Databricks Clusters? Cluster Sizing Advice & Guidance in Azure Databricks,18733,224,10,UCmRI-X6XoeH2dQE4BShRU9Q,Advancing Analytics,28000,296
Getting started with MLFlow in Databricks,18640,229,20,UCmRI-X6XoeH2dQE4BShRU9Q,Advancing Analytics,28000,296
Advancing Spark - Developing Python Libraries with Databricks Repos,18295,360,31,UCmRI-X6XoeH2dQE4BShRU9Q,Advancing Analytics,28000,296
Advancing Spark - First Look at Unity Catalog,17496,308,31,UCmRI-X6XoeH2dQE4BShRU9Q,Advancing Analytics,28000,296
Advancing Spark - Getting started with Repos for Databricks,17414,273,31,UCmRI-X6XoeH2dQE4BShRU9Q,Advancing Analytics,28000,296
Advancing Spark - Delta Live Tables Merge!,16407,234,35,UCmRI-X6XoeH2dQE4BShRU9Q,Advancing Analytics,28000,296
Creating Your First Azure Databricks Workspace,16313,97,2,UCmRI-X6XoeH2dQE4BShRU9Q,Advancing Analytics,28000,296
Advancing Spark - Spark 3.0 Overview,16199,165,12,UCmRI-X6XoeH2dQE4BShRU9Q,Advancing Analytics,28000,296
Advancing Spark - Delta Merging with Structured Streaming Data,16231,335,59,UCmRI-X6XoeH2dQE4BShRU9Q,Advancing Analytics,28000,296
Advancing Fabric - Lakehouse vs Warehouse,16113,503,49,UCmRI-X6XoeH2dQE4BShRU9Q,Advancing Analytics,28000,296
Behind the Hype: Should you ever build a Data Vault in a Lakehouse?,15151,407,73,UCmRI-X6XoeH2dQE4BShRU9Q,Advancing Analytics,28000,296
Synapse Analytics - Querying Delta Lake with Serverless SQL Pools,14761,294,17,UCmRI-X6XoeH2dQE4BShRU9Q,Advancing Analytics,28000,296
Version Controlling Notebooks in Azure Databricks and Azure DevOps,14664,140,20,UCmRI-X6XoeH2dQE4BShRU9Q,Advancing Analytics,28000,296
Azure Synapse Analytics - Mapping Data Flows & Delta!,14439,214,25,UCmRI-X6XoeH2dQE4BShRU9Q,Advancing Analytics,28000,296
Advancing Spark - Building Delta Live Table Frameworks,13652,246,47,UCmRI-X6XoeH2dQE4BShRU9Q,Advancing Analytics,28000,296
Azure Synapse Analytics - Power BI Integration & Performance,13419,225,30,UCmRI-X6XoeH2dQE4BShRU9Q,Advancing Analytics,28000,296
Azure Purview - First Look at Dataset Lineage,13415,244,38,UCmRI-X6XoeH2dQE4BShRU9Q,Advancing Analytics,28000,296
Advancing Spark - External Tables with Unity Catalog,13286,209,34,UCmRI-X6XoeH2dQE4BShRU9Q,Advancing Analytics,28000,296
Advancing Fabric - Power BI meets Spark with Semantic-Link!,13173,117,13,UCmRI-X6XoeH2dQE4BShRU9Q,Advancing Analytics,28000,296
Azure Synapse Analytics - Source Control with Git Integration,13091,207,31,UCmRI-X6XoeH2dQE4BShRU9Q,Advancing Analytics,28000,296
Using Widgets to Create Configurable Notebooks in Azure Databricks,12966,169,10,UCmRI-X6XoeH2dQE4BShRU9Q,Advancing Analytics,28000,296
Advancing Spark - A Super-Quick Guide to Databricks Secrets,12896,176,15,UCmRI-X6XoeH2dQE4BShRU9Q,Advancing Analytics,28000,296
Behind the Hype - The Medallion Architecture Doesn't Work,12686,440,70,UCmRI-X6XoeH2dQE4BShRU9Q,Advancing Analytics,28000,296
Azure Synapse Analytics - How does Delta Lake compare to Databricks?,12310,147,12,UCmRI-X6XoeH2dQE4BShRU9Q,Advancing Analytics,28000,296
Advancing Spark - Databricks Delta Change Feed,12236,272,22,UCmRI-X6XoeH2dQE4BShRU9Q,Advancing Analytics,28000,296
Working With Notebooks in Azure Databricks,12174,83,8,UCmRI-X6XoeH2dQE4BShRU9Q,Advancing Analytics,28000,296
"Azure Synapse Analytics - Parquet, Partitions & PowerBI with SQL On Demand!",11945,163,35,UCmRI-X6XoeH2dQE4BShRU9Q,Advancing Analytics,28000,296
Behind the Hype: Why Data Mesh Is Not Right For You,11466,424,53,UCmRI-X6XoeH2dQE4BShRU9Q,Advancing Analytics,28000,296
Advancing Spark - Multi-Task Databricks Jobs,11128,192,13,UCmRI-X6XoeH2dQE4BShRU9Q,Advancing Analytics,28000,296
Advancing Spark - Working with Hive,11041,248,25,UCmRI-X6XoeH2dQE4BShRU9Q,Advancing Analytics,28000,296
Advancing Spark - Crazy Performance with Spark 3 Adaptive Query Execution,11010,280,18,UCmRI-X6XoeH2dQE4BShRU9Q,Advancing Analytics,28000,296
Writing Data to Azure SQL Data Warehouse with Azure Databricks,10977,129,18,UCmRI-X6XoeH2dQE4BShRU9Q,Advancing Analytics,28000,296
Advancing Spark - Introduction to Databricks SQL Analytics,10956,178,38,UCmRI-X6XoeH2dQE4BShRU9Q,Advancing Analytics,28000,296
Advancing Spark - Delta Live Tables Generally Available!,10956,254,32,UCmRI-X6XoeH2dQE4BShRU9Q,Advancing Analytics,28000,296
Azure Synapse Analytics - Automating Serverless SQL Views,10871,224,31,UCmRI-X6XoeH2dQE4BShRU9Q,Advancing Analytics,28000,296
Advancing Spark - Setting up Databricks Unity Catalog Environments,10955,248,28,UCmRI-X6XoeH2dQE4BShRU9Q,Advancing Analytics,28000,296
Advancing Spark - User Access & Power BI with Databricks,10646,164,21,UCmRI-X6XoeH2dQE4BShRU9Q,Advancing Analytics,28000,296
DP 900 Azure Data Fundamentals Database Practise SQL Statements  / For Beginners,215,5,1,UC5-nk7skUbAfTW4Kvf29pFA,Ragunathan Ramanujam - Data Analytics For Everyone,33,1
Visualization,71,0,0,UCIhjyWOHU4rTc6vMM3gja9Q,Dataken Big Data Analytics,2,15
Security,52,0,0,UCIhjyWOHU4rTc6vMM3gja9Q,Dataken Big Data Analytics,2,15
ERP Finance,48,0,0,UCIhjyWOHU4rTc6vMM3gja9Q,Dataken Big Data Analytics,2,15
QueryBuilder,45,0,0,UCIhjyWOHU4rTc6vMM3gja9Q,Dataken Big Data Analytics,2,15
ETL Workspace,43,0,0,UCIhjyWOHU4rTc6vMM3gja9Q,Dataken Big Data Analytics,2,15
Guided Analytics,37,0,0,UCIhjyWOHU4rTc6vMM3gja9Q,Dataken Big Data Analytics,2,15
ETL RuleEngine,36,0,0,UCIhjyWOHU4rTc6vMM3gja9Q,Dataken Big Data Analytics,2,15
ETL DataPipeline,34,0,0,UCIhjyWOHU4rTc6vMM3gja9Q,Dataken Big Data Analytics,2,15
DataModel,31,0,0,UCIhjyWOHU4rTc6vMM3gja9Q,Dataken Big Data Analytics,2,15
Telco Use Case,29,0,0,UCIhjyWOHU4rTc6vMM3gja9Q,Dataken Big Data Analytics,2,15
Algorithms,28,0,0,UCIhjyWOHU4rTc6vMM3gja9Q,Dataken Big Data Analytics,2,15
DataSetSource,26,0,0,UCIhjyWOHU4rTc6vMM3gja9Q,Dataken Big Data Analytics,2,15
DashboardConfig,16,0,0,UCIhjyWOHU4rTc6vMM3gja9Q,Dataken Big Data Analytics,2,15
CableAssurance,7,0,0,UCIhjyWOHU4rTc6vMM3gja9Q,Dataken Big Data Analytics,2,15
ProjectSelection,7,0,0,UCIhjyWOHU4rTc6vMM3gja9Q,Dataken Big Data Analytics,2,15
SPSS | Data Handling-1 | sanx data analytics,1065,84,18,UCDwA5g4SGtCQSoiPqJFk9PA,Sanx Data,262,5
Trailer video | sanx data analytics,525,84,14,UCDwA5g4SGtCQSoiPqJFk9PA,Sanx Data,262,5
SPSS | Data Handling 2 | sanx data analytics,379,22,0,UCDwA5g4SGtCQSoiPqJFk9PA,Sanx Data,262,5
SPSS | Data Visualization 1 |  sanx data analytics,319,13,0,UCDwA5g4SGtCQSoiPqJFk9PA,Sanx Data,262,5
SPSS | Data Visualization 2 | sanx data analytics,208,10,0,UCDwA5g4SGtCQSoiPqJFk9PA,Sanx Data,262,5
Prototipo MEDA Fonquito3000,29,3,0,UC63YG9JnC6aOCBVx8l4RsYw,Media Emotion Data Analytics,5,5
Gamificación y mecánica de juegos para la innovación,15,5,0,UC63YG9JnC6aOCBVx8l4RsYw,Media Emotion Data Analytics,5,5
MEDA,11,0,0,UC63YG9JnC6aOCBVx8l4RsYw,Media Emotion Data Analytics,5,5
Cómo potenciar el acceso a las tecnologías para la sociedad en general con MEDA,9,1,0,UC63YG9JnC6aOCBVx8l4RsYw,Media Emotion Data Analytics,5,5
MEDA React the ecosystem from the Maker Lab,5,1,0,UC63YG9JnC6aOCBVx8l4RsYw,Media Emotion Data Analytics,5,5
Testimonial-Team of Megha(2021-2025),864,54,1,UC6yyFx5gzmFDCi9Uo-ibJdg,RIT Artificial Intelligence & Data Science,327,33
Testimonial-Hinduja(2021 2025),577,51,0,UC6yyFx5gzmFDCi9Uo-ibJdg,RIT Artificial Intelligence & Data Science,327,33
Testimonal-Muthuvel(2021-2025),467,57,0,UC6yyFx5gzmFDCi9Uo-ibJdg,RIT Artificial Intelligence & Data Science,327,33
AD  RIT PROMO,433,64,1,UC6yyFx5gzmFDCi9Uo-ibJdg,RIT Artificial Intelligence & Data Science,327,33
Testimonial-Abarna(2021-2025),402,41,0,UC6yyFx5gzmFDCi9Uo-ibJdg,RIT Artificial Intelligence & Data Science,327,33
Football- Indhirajith-shoot with curve,393,60,0,UC6yyFx5gzmFDCi9Uo-ibJdg,RIT Artificial Intelligence & Data Science,327,33
Testimonial-Visakan(2021-2025) Visakan 2021 2025,390,51,0,UC6yyFx5gzmFDCi9Uo-ibJdg,RIT Artificial Intelligence & Data Science,327,33
Neoteric AI  Inaugural funcion 2022,374,58,0,UC6yyFx5gzmFDCi9Uo-ibJdg,RIT Artificial Intelligence & Data Science,327,33
AD3251 Data Structures Design Expert lecture 2022 06 17 22 30 GMT 7,350,26,0,UC6yyFx5gzmFDCi9Uo-ibJdg,RIT Artificial Intelligence & Data Science,327,33
Testimonial-Team of Jerita & Nishanthini  - B.Tech AD (2021-2025),307,38,0,UC6yyFx5gzmFDCi9Uo-ibJdg,RIT Artificial Intelligence & Data Science,327,33
Testimonial-Sachin(2021-2025),299,42,1,UC6yyFx5gzmFDCi9Uo-ibJdg,RIT Artificial Intelligence & Data Science,327,33
Technical Seminar on Exposure to the  Industrial Standards of Web3 0,274,46,0,UC6yyFx5gzmFDCi9Uo-ibJdg,RIT Artificial Intelligence & Data Science,327,33
Testimonial-Harsha Vardhini(2021-2025),269,36,0,UC6yyFx5gzmFDCi9Uo-ibJdg,RIT Artificial Intelligence & Data Science,327,33
Technical Workshop on AWS,234,37,0,UC6yyFx5gzmFDCi9Uo-ibJdg,RIT Artificial Intelligence & Data Science,327,33
Fundamentals of Hadoop- Big Data- R2021 AU course- Dept of AD,237,46,31,UC6yyFx5gzmFDCi9Uo-ibJdg,RIT Artificial Intelligence & Data Science,327,33
Introduction to Object Oriented Programming,226,52,16,UC6yyFx5gzmFDCi9Uo-ibJdg,RIT Artificial Intelligence & Data Science,327,33
Minimum Spanning Tree- R 2021- Data Structure,164,17,4,UC6yyFx5gzmFDCi9Uo-ibJdg,RIT Artificial Intelligence & Data Science,327,33
HUFFMAN TREES and CODES,156,22,9,UC6yyFx5gzmFDCi9Uo-ibJdg,RIT Artificial Intelligence & Data Science,327,33
Faculty Development Program on “DATA ANALYTICS AND MACHINE LEARNING”- Day 13 02 2023 Session 1,156,22,0,UC6yyFx5gzmFDCi9Uo-ibJdg,RIT Artificial Intelligence & Data Science,327,33
CNN - Deep Learning R 2021- Faculty Lecture,148,20,9,UC6yyFx5gzmFDCi9Uo-ibJdg,RIT Artificial Intelligence & Data Science,327,33
N Queen's Problem using Backtracking Algorithm- Artificial Intelligence- R 2021,135,20,4,UC6yyFx5gzmFDCi9Uo-ibJdg,RIT Artificial Intelligence & Data Science,327,33
Analytics Society of India inauguration,133,31,0,UC6yyFx5gzmFDCi9Uo-ibJdg,RIT Artificial Intelligence & Data Science,327,33
Applications of AI poster Design,126,36,0,UC6yyFx5gzmFDCi9Uo-ibJdg,RIT Artificial Intelligence & Data Science,327,33
SDLC and Secure SDLC- R2021 AU subject Lecture,127,11,1,UC6yyFx5gzmFDCi9Uo-ibJdg,RIT Artificial Intelligence & Data Science,327,33
Session on React Framework,114,23,0,UC6yyFx5gzmFDCi9Uo-ibJdg,RIT Artificial Intelligence & Data Science,327,33
Postgre Installation & Basic commands Nithish II year B Tech AI and DS,102,26,0,UC6yyFx5gzmFDCi9Uo-ibJdg,RIT Artificial Intelligence & Data Science,327,33
Industry connect Lecture  AD,96,26,0,UC6yyFx5gzmFDCi9Uo-ibJdg,RIT Artificial Intelligence & Data Science,327,33
DISTRIBUTED MUTUAL EXCLUSION ALGORITHMS- DISTRIBUTED COMPUTING - R 2021,81,17,5,UC6yyFx5gzmFDCi9Uo-ibJdg,RIT Artificial Intelligence & Data Science,327,33
Neotric AI-Inauguration,80,13,0,UC6yyFx5gzmFDCi9Uo-ibJdg,RIT Artificial Intelligence & Data Science,327,33
Faculty Development Program on “DATA ANALYTICS AND MACHINE LEARNING”- Day 16.02.2023,47,5,0,UC6yyFx5gzmFDCi9Uo-ibJdg,RIT Artificial Intelligence & Data Science,327,33
A combined project work on RIT-AD and Histos Tech- Conference presentation-  IOTHIC 2023- Turkey,45,6,0,UC6yyFx5gzmFDCi9Uo-ibJdg,RIT Artificial Intelligence & Data Science,327,33
Faculty Development Program on “DATA ANALYTICS AND MACHINE LEARNING”- Day 14.02.2023,43,7,1,UC6yyFx5gzmFDCi9Uo-ibJdg,RIT Artificial Intelligence & Data Science,327,33
Faculty Development Program on “DATA ANALYTICS AND MACHINE LEARNING”- Day 15.02.2023,35,4,0,UC6yyFx5gzmFDCi9Uo-ibJdg,RIT Artificial Intelligence & Data Science,327,33
Exploring Big Data Technologies: Building on Fundamentals,57,5,0,UCVWm4_J6u3GHy1nHCc8tsyw,Data Analytics with Layla,4,2
Unpacking Big Data: Exploring the Core 3Vs for Beginners,28,4,2,UCVWm4_J6u3GHy1nHCc8tsyw,Data Analytics with Layla,4,2
No1 Debtor Tracing and Consumer Verification Tool,317,1,1,UCixW14_AHldyUx0VaIY8sng,Inspirit Data Analytics Services,3,3
Debtor Tracing Tool for Legal entities,93,3,0,UCixW14_AHldyUx0VaIY8sng,Inspirit Data Analytics Services,3,3
Consumer Verification and Debtor Tracing,87,2,0,UCixW14_AHldyUx0VaIY8sng,Inspirit Data Analytics Services,3,3
